Reference,Value,Footprint,LCSC,Manufacturer,MPN,Description,Qty,Notes
U1,TPD4E05U06,Package_DFN_QFN:DFN-10_3x3mm_P0.5mm,C2827646,TechPublic,C2827646,USB Type-C ESD protection 4-ch <0.5pF,1,Alt: DOWO C22390021
U2,TPS62133,Package_BGA:BGA-21_3.5x3.5mm_P0.5mm,C3100,Texas Instruments,TPS62133RSMR,5V→3.3V buck ≥2A,1,VQFN-20
U3,SN74AHCT125,Package_SO:SOIC-14_3.9x8.7mm_P1.27mm,C2860479,Texas Instruments,SN74AHCT125D,Quad TTL buffer 5V,1,LED output level shifter
U5,LTC4412ES6#TRMPBF,Package_TO_SOT_SMD:TSOT-23-6,C459883,Analog Devices,LTC4412ES6#TRMPBF,Ideal diode controller (monolithic),1,Prevents LED_5V back-feed
U7,INA226AIDGSR,Package_SO:VSSOP-10_3x3mm_P0.5mm,C49851,Texas Instruments,INA226AIDGSR,I2C current monitor 36V,1,LED_5V shunt: 0.05Ω
U8,SN74AXC2T245RSW,Package_DFN_QFN:UQFN-10_1.8x1.4mm_P0.40mm,C1882550,Texas Instruments,SN74AXC2T245RSW,Dual-bit 1.8↔3.3V translator,1,DNP if using 3.3V SPH0645
U9,TPS7A2018PDBVR,Package_TO_SOT_SMD:SOT-23-5,C963430,Texas Instruments,TPS7A2018PDBVR,Fixed 1.8V LDO low-noise,1,"DNP unless 1.8V mic build; Alt: C2878130 (X2-SON)"
Q1,Si2301,Package_TO_SOT_SMD:SOT-23-3,C2852439,Vishay Siliconix,Si2301DS,P-FET 20V 1.6A (ideal diode gate),1,Pair with LTC4412
R1,5.1k,Resistor_SMD:R_0603_1608Metric,C21196,Yageo,RC0603FR-075K1L,USB CC1 pull-down,1,
R2,5.1k,Resistor_SMD:R_0603_1608Metric,C21196,Yageo,RC0603FR-075K1L,USB CC2 pull-down,1,
R3,10k,Resistor_SMD:R_0603_1608Metric,C25804,Yageo,RC0603JR-1010KL,EN pull-up,1,
R4,10k,Resistor_SMD:R_0603_1608Metric,C25804,Yageo,RC0603JR-1010KL,BOOT pull-up,1,
R5,10k,Resistor_SMD:R_0603_1608Metric,C25804,Yageo,RC0603JR-1010KL,FLASH I/O2 pull-up,1,
R6,10k,Resistor_SMD:R_0603_1608Metric,C25804,Yageo,RC0603JR-1010KL,FLASH I/O3 pull-up,1,
R7,0.05,Resistor_SMD:R_2512_6332Metric,C21090,Yageo,RL2512FK-0.05,INA226 shunt (3A range),1,"High-power 2512; 100mV @ 3A"
RLED1,330,Resistor_SMD:R_0603_1608Metric,C25089,Yageo,RC0603JR-07330RL,LED1 data series damping,1,
RLED2,330,Resistor_SMD:R_0603_1608Metric,C25089,Yageo,RC0603JR-07330RL,LED2 data series damping,1,
RLED3,330,Resistor_SMD:R_0603_1608Metric,C25089,Yageo,RC0603JR-07330RL,LED3 data series damping,1,
RLED4,330,Resistor_SMD:R_0603_1608Metric,C25089,Yageo,RC0603JR-07330RL,LED4 data series damping,1,
R_PDM_CLK_SER,33,Resistor_SMD:R_0603_1608Metric,C23304,Yageo,RC0603FR-0733RL,PDM clock series damping,1,Minimize ringing @ multi-MHz
R_BYPASS_CLK,0,Resistor_SMD:R_0603_1608Metric,C319524,Unbranded,0603-0Ω,Direct PDM CLK (3.3V build),1,"DNP for 1.8V; stuff for 3.3V SPH0645"
R_BYPASS_DATA,0,Resistor_SMD:R_0603_1608Metric,C319524,Unbranded,0603-0Ω,Direct PDM DATA (3.3V build),1,"DNP for 1.8V; stuff for 3.3V SPH0645"
R_LVT_CLK_IN,0,Resistor_SMD:R_0603_1608Metric,C319524,Unbranded,0603-0Ω,Translator path CLK input,1,"Stuff for 1.8V IM69D130; DNP for 3.3V"
R_LVT_CLK_OUT,0,Resistor_SMD:R_0603_1608Metric,C319524,Unbranded,0603-0Ω,Translator path CLK output,1,"Stuff for 1.8V IM69D130; DNP for 3.3V"
R_LVT_DATA_IN,0,Resistor_SMD:R_0603_1608Metric,C319524,Unbranded,0603-0Ω,Translator path DATA input,1,"Stuff for 1.8V IM69D130; DNP for 3.3V"
R_LVT_DATA_OUT,0,Resistor_SMD:R_0603_1608Metric,C319524,Unbranded,0603-0Ω,Translator path DATA output,1,"Stuff for 1.8V IM69D130; DNP for 3.3V"
C1,1µ,Capacitor_SMD:C_0603_1608Metric,C15849,Samsung,CL10A105KA8NNNC,EN/BOOT RC cap,2,"10µF ceramic for bypass"
C2,10µ,Capacitor_SMD:C_0603_1608Metric,C19666,Samsung,CL10A106MQ8NRNC,VCCB bulk,1,"Bare S3 power bulk cap"
C3,100n,Capacitor_SMD:C_0603_1608Metric,C14663,Samsung,CL10B104KB8NNNC,PDM clock bypass,1,
C4,12p,Capacitor_SMD:C_0603_1608Metric,C23052,Yageo,CC0603JRNPO9BN120,Crystal load cap,1,40MHz XIN
C5,12p,Capacitor_SMD:C_0603_1608Metric,C23052,Yageo,CC0603JRNPO9BN120,Crystal load cap,1,40MHz XOUT
F1,0.75A,Fuse_SMD:Fuse_1206_3216Metric_Pad1.42x3.35mm_HandSolder,C382143,Littelfuse,1206L075/24-R,LED port 1 polyfuse,1,Slow-blow
F2,0.75A,Fuse_SMD:Fuse_1206_3216Metric_Pad1.42x3.35mm_HandSolder,C382143,Littelfuse,1206L075/24-R,LED port 2 polyfuse,1,Slow-blow
F3,0.75A,Fuse_SMD:Fuse_1206_3216Metric_Pad1.42x3.35mm_HandSolder,C382143,Littelfuse,1206L075/24-R,LED port 3 polyfuse,1,Slow-blow
F4,0.75A,Fuse_SMD:Fuse_1206_3216Metric_Pad1.42x3.35mm_HandSolder,C382143,Littelfuse,1206L075/24-R,LED port 4 polyfuse,1,Slow-blow
D1,SMAJ5.0A,Package_DFN_QFN:DFN-2_3x3mm_P0.5mm,C99900,Littelfuse,SMAJ5.0A,LED1 TVS 5V,1,≤1pF parasitic
D2,SMAJ5.0A,Package_DFN_QFN:DFN-2_3x3mm_P0.5mm,C99900,Littelfuse,SMAJ5.0A,LED2 TVS 5V,1,≤1pF parasitic
D3,SMAJ5.0A,Package_DFN_QFN:DFN-2_3x3mm_P0.5mm,C99900,Littelfuse,SMAJ5.0A,LED3 TVS 5V,1,≤1pF parasitic
D4,SMAJ5.0A,Package_DFN_QFN:DFN-2_3x3mm_P0.5mm,C99900,Littelfuse,SMAJ5.0A,LED4 TVS 5V,1,≤1pF parasitic
SW1,Push,Button_Switch_SMD:SW_Push_1P1T_NO_6x6mm_H9.5mm,C393090,Panasonic,EVP-EAJC7A02,BOOT pushbutton,1,Optional download mode
Y1,40MHz,Crystal_SMD:Crystal_3225_3.2x2.5mm_GND2,C13738,JYJE,HC-49S,40MHz MCU clock,1,12pF load caps
U4,24LC02,Package_DIP:DIP-8_W7.62mm_Socket,C15492,Microchip,24LC02T-I/P,FRU EEPROM,1,I2C board identification
U6,W25Q128JV,Package_SO:SOIC-16_3.9x9.87mm_P1.27mm,C106277,Winbond,W25Q128JVPM,QSPI flash 16MB,1,COM-B program storage
